{
  "db": "weaviate",
  "dataset": "glove-100-angular",
  "class": "Glove100angularall",
  "topk": 100,
  "n_queries": 10000,
  "ef": 512,
  "parallel": 16,
  "total_time_sec": 25.402851799997734,
  "throughput": 394.54173552293923,
  "latency_ms": {
    "avg": 28.85915573997627,
    "min": 16.152200012584217,
    "max": 169.04920000524726
  },
  "cpu": {
    "psutil_available": false,
    "process_cpu_avg_pct": null,
    "system_cpu_avg_pct": null
  },
  "quality_vs_ground_truth": {
    "ground_truth_available_queries": 10000,
    "recall_at_k_avg": 0.9256839999999669,
    "mrr_at_k_avg": 1.0,
    "hit_rate_at_k": 1.0
  }
}