{
  "db": "weaviate",
  "dataset": "arxiv-titles-384-angular-no-filters",
  "class": "Arxivtitles384angularnofiltersall",
  "topk": 10,
  "n_queries": 15000,
  "ef": 256,
  "parallel": 1,
  "total_time_sec": 170.9499435999896,
  "throughput": 88.58352517071744,
  "latency_ms": {
    "avg": 13.05590080686379,
    "min": 46.62000000826083,
    "max": 65.91689999913797
  },
  "cpu": {
    "psutil_available": false,
    "process_cpu_avg_pct": null,
    "system_cpu_avg_pct": null
  },
  "quality_vs_ground_truth": {
    "ground_truth_available_queries": 15000,
    "recall_at_k_avg": 0.9985099999999992,
    "mrr_at_k_avg": 0.9999333333333333,
    "hit_rate_at_k": 0.9999333333333333
  }
}