{
  "db": "weaviate",
  "dataset": "arxiv-titles-384-angular-no-filters",
  "class": "Arxivtitles384angularnofiltersall",
  "topk": 10,
  "n_queries": 15000,
  "ef": 128,
  "parallel": 32,
  "total_time_sec": 66.60750280000502,
  "throughput": 225.259532976794,
  "latency_ms": {
    "avg": 141.89125138001012,
    "min": 13.83080001687631,
    "max": 155.01610000501387
  },
  "cpu": {
    "psutil_available": false,
    "process_cpu_avg_pct": null,
    "system_cpu_avg_pct": null
  },
  "quality_vs_ground_truth": {
    "ground_truth_available_queries": 15000,
    "recall_at_k_avg": 0.997599999999992,
    "mrr_at_k_avg": 0.9999333333333333,
    "hit_rate_at_k": 0.9999333333333333
  }
}