{
  "db": "weaviate",
  "dataset": "arxiv-titles-384-angular-no-filters",
  "class": "Arxivtitles384angularnofiltersall",
  "topk": 10,
  "n_queries": 15000,
  "ef": 128,
  "parallel": 16,
  "total_time_sec": 68.925953500001924,
  "throughput": 220.1591984275153,
  "latency_ms": {
    "avg": 81.069701173241874,
    "min": 46.41300000366755,
    "max": 79.65219998732209
  },
  "cpu": {
    "psutil_available": false,
    "process_cpu_avg_pct": null,
    "system_cpu_avg_pct": null
  },
  "quality_vs_ground_truth": {
    "ground_truth_available_queries": 15000,
    "recall_at_k_avg": 0.997599999999992,
    "mrr_at_k_avg": 0.9999333333333333,
    "hit_rate_at_k": 0.9999333333333333
  }
}