{
  "db": "weaviate",
  "dataset": "arxiv-titles-384-angular-no-filters",
  "class": "Arxivtitles384angularnofiltersall",
  "topk": 10,
  "n_queries": 15000,
  "ef": 128,
  "parallel": 1,
  "total_time_sec": 126.9358306000067,
  "throughput": 119.609488011869146,
  "latency_ms": {
    "avg": 9.20868551994868,
    "min": 46.772200003033504,
    "max": 70.9740000020247
  },
  "cpu": {
    "psutil_available": false,
    "process_cpu_avg_pct": null,
    "system_cpu_avg_pct": null
  },
  "quality_vs_ground_truth": {
    "ground_truth_available_queries": 15000,
    "recall_at_k_avg": 0.997599999999992,
    "mrr_at_k_avg": 0.9999333333333333,
    "hit_rate_at_k": 0.9999333333333333
  }
}