{
  "db": "weaviate",
  "dataset": "arxiv-titles-384-angular-no-filters",
  "class": "Arxivtitles384angularnofiltersall",
  "topk": 10,
  "n_queries": 15000,
  "ef": 256,
  "parallel": 16,
  "total_time_sec": 105.56840259997989,
  "throughput": 142.93757779903194,
  "latency_ms": {
    "avg": 167.36268511319455,
    "min": 46.79659998510033,
    "max": 97.30129997478798
  },
  "cpu": {
    "psutil_available": false,
    "process_cpu_avg_pct": null,
    "system_cpu_avg_pct": null
  },
  "quality_vs_ground_truth": {
    "ground_truth_available_queries": 15000,
    "recall_at_k_avg": 0.998599999999992,
    "mrr_at_k_avg": 0.9999333333333333,
    "hit_rate_at_k": 0.9999333333333333
  }
}